<annotation>
	<folder>02106030</folder>
	<filename>n02106030_9354</filename>
	<source>
		<database>ImageNet database</database>
	</source>
	<size>
		<width>500</width>
		<height>375</height>
		<depth>3</depth>
	</size>
	<segment>0</segment>
	<object>
		<name>collie</name>
		<pose>Unspecified</pose>
		<truncated>0</truncated>
		<difficult>0</difficult>
		<bndbox>
			<xmin>1</xmin>
			<ymin>135</ymin>
			<xmax>245</xmax>
			<ymax>374</ymax>
		</bndbox>
	</object>
	<object>
		<name>collie</name>
		<pose>Unspecified</pose>
		<truncated>0</truncated>
		<difficult>0</difficult>
		<bndbox>
			<xmin>171</xmin>
			<ymin>178</ymin>
			<xmax>381</xmax>
			<ymax>374</ymax>
		</bndbox>
	</object>
</annotation>