<annotation>
	<folder>02106030</folder>
	<filename>n02106030_18950</filename>
	<source>
		<database>ImageNet database</database>
	</source>
	<size>
		<width>500</width>
		<height>375</height>
		<depth>3</depth>
	</size>
	<segment>0</segment>
	<object>
		<name>collie</name>
		<pose>Unspecified</pose>
		<truncated>0</truncated>
		<difficult>0</difficult>
		<bndbox>
			<xmin>64</xmin>
			<ymin>105</ymin>
			<xmax>234</xmax>
			<ymax>295</ymax>
		</bndbox>
	</object>
	<object>
		<name>collie</name>
		<pose>Unspecified</pose>
		<truncated>0</truncated>
		<difficult>0</difficult>
		<bndbox>
			<xmin>60</xmin>
			<ymin>105</ymin>
			<xmax>236</xmax>
			<ymax>300</ymax>
		</bndbox>
	</object>
	<object>
		<name>collie</name>
		<pose>Unspecified</pose>
		<truncated>0</truncated>
		<difficult>0</difficult>
		<bndbox>
			<xmin>402</xmin>
			<ymin>141</ymin>
			<xmax>498</xmax>
			<ymax>301</ymax>
		</bndbox>
	</object>
	<object>
		<name>collie</name>
		<pose>Unspecified</pose>
		<truncated>0</truncated>
		<difficult>0</difficult>
		<bndbox>
			<xmin>1</xmin>
			<ymin>217</ymin>
			<xmax>219</xmax>
			<ymax>374</ymax>
		</bndbox>
	</object>
	<object>
		<name>collie</name>
		<pose>Unspecified</pose>
		<truncated>0</truncated>
		<difficult>0</difficult>
		<bndbox>
			<xmin>409</xmin>
			<ymin>65</ymin>
			<xmax>498</xmax>
			<ymax>290</ymax>
		</bndbox>
	</object>
	<object>
		<name>collie</name>
		<pose>Unspecified</pose>
		<truncated>0</truncated>
		<difficult>0</difficult>
		<bndbox>
			<xmin>314</xmin>
			<ymin>125</ymin>
			<xmax>402</xmax>
			<ymax>259</ymax>
		</bndbox>
	</object>
</annotation>