<annotation>
	<folder>02106030</folder>
	<filename>n02106030_15735</filename>
	<source>
		<database>ImageNet database</database>
	</source>
	<size>
		<width>500</width>
		<height>464</height>
		<depth>3</depth>
	</size>
	<segment>0</segment>
	<object>
		<name>collie</name>
		<pose>Unspecified</pose>
		<truncated>0</truncated>
		<difficult>0</difficult>
		<bndbox>
			<xmin>0</xmin>
			<ymin>35</ymin>
			<xmax>300</xmax>
			<ymax>462</ymax>
		</bndbox>
	</object>
	<object>
		<name>collie</name>
		<pose>Unspecified</pose>
		<truncated>0</truncated>
		<difficult>0</difficult>
		<bndbox>
			<xmin>198</xmin>
			<ymin>136</ymin>
			<xmax>473</xmax>
			<ymax>462</ymax>
		</bndbox>
	</object>
</annotation>