<annotation>
	<folder>02106030</folder>
	<filename>n02106030_16181</filename>
	<source>
		<database>ImageNet database</database>
	</source>
	<size>
		<width>500</width>
		<height>374</height>
		<depth>3</depth>
	</size>
	<segment>0</segment>
	<object>
		<name>collie</name>
		<pose>Unspecified</pose>
		<truncated>0</truncated>
		<difficult>0</difficult>
		<bndbox>
			<xmin>250</xmin>
			<ymin>15</ymin>
			<xmax>497</xmax>
			<ymax>372</ymax>
		</bndbox>
	</object>
	<object>
		<name>collie</name>
		<pose>Unspecified</pose>
		<truncated>0</truncated>
		<difficult>0</difficult>
		<bndbox>
			<xmin>0</xmin>
			<ymin>32</ymin>
			<xmax>294</xmax>
			<ymax>373</ymax>
		</bndbox>
	</object>
</annotation>