<annotation>
	<folder>02106030</folder>
	<filename>n02106030_16623</filename>
	<source>
		<database>ImageNet database</database>
	</source>
	<size>
		<width>500</width>
		<height>379</height>
		<depth>3</depth>
	</size>
	<segment>0</segment>
	<object>
		<name>collie</name>
		<pose>Unspecified</pose>
		<truncated>0</truncated>
		<difficult>0</difficult>
		<bndbox>
			<xmin>163</xmin>
			<ymin>34</ymin>
			<xmax>412</xmax>
			<ymax>372</ymax>
		</bndbox>
	</object>
	<object>
		<name>collie</name>
		<pose>Unspecified</pose>
		<truncated>0</truncated>
		<difficult>0</difficult>
		<bndbox>
			<xmin>28</xmin>
			<ymin>41</ymin>
			<xmax>198</xmax>
			<ymax>352</ymax>
		</bndbox>
	</object>
</annotation>