<annotation>
	<folder>02091032</folder>
	<filename>n02091032_8244</filename>
	<source>
		<database>ImageNet database</database>
	</source>
	<size>
		<width>500</width>
		<height>332</height>
		<depth>3</depth>
	</size>
	<segment>0</segment>
	<object>
		<name>Italian_greyhound</name>
		<pose>Unspecified</pose>
		<truncated>0</truncated>
		<difficult>0</difficult>
		<bndbox>
			<xmin>11</xmin>
			<ymin>39</ymin>
			<xmax>203</xmax>
			<ymax>288</ymax>
		</bndbox>
	</object>
	<object>
		<name>Italian_greyhound</name>
		<pose>Unspecified</pose>
		<truncated>0</truncated>
		<difficult>0</difficult>
		<bndbox>
			<xmin>151</xmin>
			<ymin>45</ymin>
			<xmax>492</xmax>
			<ymax>305</ymax>
		</bndbox>
	</object>
</annotation>