<annotation>
	<folder>02091032</folder>
	<filename>n02091032_6728</filename>
	<source>
		<database>ImageNet database</database>
	</source>
	<size>
		<width>500</width>
		<height>375</height>
		<depth>3</depth>
	</size>
	<segment>0</segment>
	<object>
		<name>Italian_greyhound</name>
		<pose>Unspecified</pose>
		<truncated>0</truncated>
		<difficult>0</difficult>
		<bndbox>
			<xmin>386</xmin>
			<ymin>33</ymin>
			<xmax>498</xmax>
			<ymax>137</ymax>
		</bndbox>
	</object>
	<object>
		<name>Italian_greyhound</name>
		<pose>Unspecified</pose>
		<truncated>0</truncated>
		<difficult>0</difficult>
		<bndbox>
			<xmin>63</xmin>
			<ymin>15</ymin>
			<xmax>490</xmax>
			<ymax>371</ymax>
		</bndbox>
	</object>
</annotation>