<annotation>
	<folder>02091032</folder>
	<filename>n02091032_4210</filename>
	<source>
		<database>ImageNet database</database>
	</source>
	<size>
		<width>550</width>
		<height>474</height>
		<depth>3</depth>
	</size>
	<segment>0</segment>
	<object>
		<name>Italian_greyhound</name>
		<pose>Unspecified</pose>
		<truncated>0</truncated>
		<difficult>0</difficult>
		<bndbox>
			<xmin>148</xmin>
			<ymin>65</ymin>
			<xmax>277</xmax>
			<ymax>445</ymax>
		</bndbox>
	</object>
	<object>
		<name>Italian_greyhound</name>
		<pose>Unspecified</pose>
		<truncated>0</truncated>
		<difficult>0</difficult>
		<bndbox>
			<xmin>270</xmin>
			<ymin>41</ymin>
			<xmax>388</xmax>
			<ymax>447</ymax>
		</bndbox>
	</object>
</annotation>