<annotation>
	<folder>02091032</folder>
	<filename>n02091032_18</filename>
	<source>
		<database>ImageNet database</database>
	</source>
	<size>
		<width>398</width>
		<height>500</height>
		<depth>3</depth>
	</size>
	<segment>0</segment>
	<object>
		<name>Italian_greyhound</name>
		<pose>Unspecified</pose>
		<truncated>0</truncated>
		<difficult>0</difficult>
		<bndbox>
			<xmin>157</xmin>
			<ymin>162</ymin>
			<xmax>356</xmax>
			<ymax>381</ymax>
		</bndbox>
	</object>
	<object>
		<name>Italian_greyhound</name>
		<pose>Unspecified</pose>
		<truncated>0</truncated>
		<difficult>0</difficult>
		<bndbox>
			<xmin>10</xmin>
			<ymin>73</ymin>
			<xmax>346</xmax>
			<ymax>226</ymax>
		</bndbox>
	</object>
</annotation>