<annotation>
	<folder>02091032</folder>
	<filename>n02091032_5526</filename>
	<source>
		<database>ImageNet database</database>
	</source>
	<size>
		<width>500</width>
		<height>375</height>
		<depth>3</depth>
	</size>
	<segment>0</segment>
	<object>
		<name>Italian_greyhound</name>
		<pose>Unspecified</pose>
		<truncated>0</truncated>
		<difficult>0</difficult>
		<bndbox>
			<xmin>101</xmin>
			<ymin>210</ymin>
			<xmax>355</xmax>
			<ymax>374</ymax>
		</bndbox>
	</object>
	<object>
		<name>Italian_greyhound</name>
		<pose>Unspecified</pose>
		<truncated>0</truncated>
		<difficult>0</difficult>
		<bndbox>
			<xmin>184</xmin>
			<ymin>153</ymin>
			<xmax>348</xmax>
			<ymax>373</ymax>
		</bndbox>
	</object>
</annotation>