<annotation>
	<folder>02091032</folder>
	<filename>n02091032_904</filename>
	<source>
		<database>ImageNet database</database>
	</source>
	<size>
		<width>208</width>
		<height>246</height>
		<depth>3</depth>
	</size>
	<segment>0</segment>
	<object>
		<name>Italian_greyhound</name>
		<pose>Unspecified</pose>
		<truncated>0</truncated>
		<difficult>0</difficult>
		<bndbox>
			<xmin>131</xmin>
			<ymin>51</ymin>
			<xmax>190</xmax>
			<ymax>223</ymax>
		</bndbox>
	</object>
	<object>
		<name>Italian_greyhound</name>
		<pose>Unspecified</pose>
		<truncated>0</truncated>
		<difficult>0</difficult>
		<bndbox>
			<xmin>31</xmin>
			<ymin>17</ymin>
			<xmax>132</xmax>
			<ymax>239</ymax>
		</bndbox>
	</object>
</annotation>