<annotation>
	<folder>02091032</folder>
	<filename>n02091032_3886</filename>
	<source>
		<database>ImageNet database</database>
	</source>
	<size>
		<width>457</width>
		<height>500</height>
		<depth>3</depth>
	</size>
	<segment>0</segment>
	<object>
		<name>Italian_greyhound</name>
		<pose>Unspecified</pose>
		<truncated>0</truncated>
		<difficult>0</difficult>
		<bndbox>
			<xmin>244</xmin>
			<ymin>80</ymin>
			<xmax>301</xmax>
			<ymax>257</ymax>
		</bndbox>
	</object>
	<object>
		<name>Italian_greyhound</name>
		<pose>Unspecified</pose>
		<truncated>0</truncated>
		<difficult>0</difficult>
		<bndbox>
			<xmin>155</xmin>
			<ymin>152</ymin>
			<xmax>423</xmax>
			<ymax>386</ymax>
		</bndbox>
	</object>
	<object>
		<name>Italian_greyhound</name>
		<pose>Unspecified</pose>
		<truncated>0</truncated>
		<difficult>0</difficult>
		<bndbox>
			<xmin>147</xmin>
			<ymin>127</ymin>
			<xmax>290</xmax>
			<ymax>350</ymax>
		</bndbox>
	</object>
	<object>
		<name>Italian_greyhound</name>
		<pose>Unspecified</pose>
		<truncated>0</truncated>
		<difficult>0</difficult>
		<bndbox>
			<xmin>68</xmin>
			<ymin>308</ymin>
			<xmax>159</xmax>
			<ymax>496</ymax>
		</bndbox>
	</object>
</annotation>