<annotation>
	<folder>02091032</folder>
	<filename>n02091032_9592</filename>
	<source>
		<database>ImageNet database</database>
	</source>
	<size>
		<width>334</width>
		<height>500</height>
		<depth>3</depth>
	</size>
	<segment>0</segment>
	<object>
		<name>Italian_greyhound</name>
		<pose>Unspecified</pose>
		<truncated>0</truncated>
		<difficult>0</difficult>
		<bndbox>
			<xmin>190</xmin>
			<ymin>85</ymin>
			<xmax>332</xmax>
			<ymax>448</ymax>
		</bndbox>
	</object>
	<object>
		<name>Italian_greyhound</name>
		<pose>Unspecified</pose>
		<truncated>0</truncated>
		<difficult>0</difficult>
		<bndbox>
			<xmin>15</xmin>
			<ymin>0</ymin>
			<xmax>235</xmax>
			<ymax>483</ymax>
		</bndbox>
	</object>
</annotation>