<annotation>
	<folder>02107908</folder>
	<filename>n02107908_4669</filename>
	<source>
		<database>ImageNet database</database>
	</source>
	<size>
		<width>500</width>
		<height>309</height>
		<depth>3</depth>
	</size>
	<segment>0</segment>
	<object>
		<name>Appenzeller</name>
		<pose>Unspecified</pose>
		<truncated>0</truncated>
		<difficult>0</difficult>
		<bndbox>
			<xmin>2</xmin>
			<ymin>4</ymin>
			<xmax>160</xmax>
			<ymax>308</ymax>
		</bndbox>
	</object>
	<object>
		<name>Appenzeller</name>
		<pose>Unspecified</pose>
		<truncated>0</truncated>
		<difficult>0</difficult>
		<bndbox>
			<xmin>346</xmin>
			<ymin>40</ymin>
			<xmax>499</xmax>
			<ymax>277</ymax>
		</bndbox>
	</object>
	<object>
		<name>Appenzeller</name>
		<pose>Unspecified</pose>
		<truncated>0</truncated>
		<difficult>0</difficult>
		<bndbox>
			<xmin>236</xmin>
			<ymin>33</ymin>
			<xmax>369</xmax>
			<ymax>207</ymax>
		</bndbox>
	</object>
	<object>
		<name>Appenzeller</name>
		<pose>Unspecified</pose>
		<truncated>0</truncated>
		<difficult>0</difficult>
		<bndbox>
			<xmin>141</xmin>
			<ymin>36</ymin>
			<xmax>282</xmax>
			<ymax>246</ymax>
		</bndbox>
	</object>
</annotation>