<annotation>
	<folder>02107908</folder>
	<filename>n02107908_2723</filename>
	<source>
		<database>ImageNet database</database>
	</source>
	<size>
		<width>500</width>
		<height>335</height>
		<depth>3</depth>
	</size>
	<segment>0</segment>
	<object>
		<name>Appenzeller</name>
		<pose>Unspecified</pose>
		<truncated>0</truncated>
		<difficult>0</difficult>
		<bndbox>
			<xmin>79</xmin>
			<ymin>24</ymin>
			<xmax>438</xmax>
			<ymax>294</ymax>
		</bndbox>
	</object>
	<object>
		<name>Appenzeller</name>
		<pose>Unspecified</pose>
		<truncated>0</truncated>
		<difficult>0</difficult>
		<bndbox>
			<xmin>1</xmin>
			<ymin>16</ymin>
			<xmax>98</xmax>
			<ymax>297</ymax>
		</bndbox>
	</object>
</annotation>