<annotation>
	<folder>02107908</folder>
	<filename>n02107908_2294</filename>
	<source>
		<database>ImageNet database</database>
	</source>
	<size>
		<width>500</width>
		<height>333</height>
		<depth>3</depth>
	</size>
	<segment>0</segment>
	<object>
		<name>Appenzeller</name>
		<pose>Unspecified</pose>
		<truncated>0</truncated>
		<difficult>0</difficult>
		<bndbox>
			<xmin>1</xmin>
			<ymin>13</ymin>
			<xmax>425</xmax>
			<ymax>320</ymax>
		</bndbox>
	</object>
	<object>
		<name>Appenzeller</name>
		<pose>Unspecified</pose>
		<truncated>0</truncated>
		<difficult>0</difficult>
		<bndbox>
			<xmin>333</xmin>
			<ymin>38</ymin>
			<xmax>499</xmax>
			<ymax>222</ymax>
		</bndbox>
	</object>
</annotation>