<annotation>
	<folder>02107908</folder>
	<filename>n02107908_7643</filename>
	<source>
		<database>ImageNet database</database>
	</source>
	<size>
		<width>500</width>
		<height>375</height>
		<depth>3</depth>
	</size>
	<segment>0</segment>
	<object>
		<name>Appenzeller</name>
		<pose>Unspecified</pose>
		<truncated>0</truncated>
		<difficult>0</difficult>
		<bndbox>
			<xmin>1</xmin>
			<ymin>124</ymin>
			<xmax>281</xmax>
			<ymax>374</ymax>
		</bndbox>
	</object>
	<object>
		<name>Appenzeller</name>
		<pose>Unspecified</pose>
		<truncated>0</truncated>
		<difficult>0</difficult>
		<bndbox>
			<xmin>1</xmin>
			<ymin>28</ymin>
			<xmax>499</xmax>
			<ymax>374</ymax>
		</bndbox>
	</object>
</annotation>