<annotation>
	<folder>02107908</folder>
	<filename>n02107908_1426</filename>
	<source>
		<database>ImageNet database</database>
	</source>
	<size>
		<width>443</width>
		<height>500</height>
		<depth>3</depth>
	</size>
	<segment>0</segment>
	<object>
		<name>Appenzeller</name>
		<pose>Unspecified</pose>
		<truncated>0</truncated>
		<difficult>0</difficult>
		<bndbox>
			<xmin>31</xmin>
			<ymin>329</ymin>
			<xmax>155</xmax>
			<ymax>471</ymax>
		</bndbox>
	</object>
	<object>
		<name>Appenzeller</name>
		<pose>Unspecified</pose>
		<truncated>0</truncated>
		<difficult>0</difficult>
		<bndbox>
			<xmin>97</xmin>
			<ymin>137</ymin>
			<xmax>276</xmax>
			<ymax>342</ymax>
		</bndbox>
	</object>
	<object>
		<name>Appenzeller</name>
		<pose>Unspecified</pose>
		<truncated>0</truncated>
		<difficult>0</difficult>
		<bndbox>
			<xmin>276</xmin>
			<ymin>193</ymin>
			<xmax>431</xmax>
			<ymax>403</ymax>
		</bndbox>
	</object>
</annotation>