<annotation>
	<folder>02107908</folder>
	<filename>n02107908_1176</filename>
	<source>
		<database>ImageNet database</database>
	</source>
	<size>
		<width>500</width>
		<height>375</height>
		<depth>3</depth>
	</size>
	<segment>0</segment>
	<object>
		<name>Appenzeller</name>
		<pose>Unspecified</pose>
		<truncated>0</truncated>
		<difficult>0</difficult>
		<bndbox>
			<xmin>2</xmin>
			<ymin>14</ymin>
			<xmax>349</xmax>
			<ymax>374</ymax>
		</bndbox>
	</object>
	<object>
		<name>Appenzeller</name>
		<pose>Unspecified</pose>
		<truncated>0</truncated>
		<difficult>0</difficult>
		<bndbox>
			<xmin>285</xmin>
			<ymin>198</ymin>
			<xmax>419</xmax>
			<ymax>328</ymax>
		</bndbox>
	</object>
</annotation>